﻿<?xml version="1.0" encoding="UTF-8" ?>
<Scripts>
	<Type name="sub">
		<Mode name="operate">
			<Script filename="${root}/scripts/compressed/sub.js.aspx"/>
		</Mode>
		<Mode name="develop">
			<Script filename="${root}/scripts/source/page/updates/UpdateManager.js"/>
			<Script filename="${root}/scripts/source/page/updates/UpdateAssistant.js"/>
			<Script filename="${root}/scripts/source/page/updates/UpdatePlugin.js"/>
			<Script filename="${root}/scripts/source/page/updates/Update.js"/>
			<Script filename="${root}/scripts/source/page/updates/ReplaceUpdate.js"/>
			<Script filename="${root}/scripts/source/page/updates/SiblingUpdate.js"/>
			<Script filename="${root}/scripts/source/page/updates/AttributesUpdate.js"/>
			<Script filename="${root}/scripts/source/page/window/WindowManager.js"/>
			<Script filename="${root}/scripts/source/page/window/WindowAssistant.js"/>
			<Script filename="${root}/scripts/source/page/document/DocumentUpdatePlugin.js"/>
			<Script filename="${root}/scripts/source/page/document/DocumentCrawler.js"/>
			<Script filename="${root}/scripts/source/page/document/DocumentManager.js"/>
			<Script filename="${root}/scripts/source/page/data/DataManager.js"/>
		</Mode>
	</Type>
	<Type name="top">
		<Mode name="operate">
			<Script filename="${root}/scripts/compressed/toplevelclassnames.js.aspx"/>
			<Script filename="${root}/scripts/compressed/top.js.aspx"/>
		</Mode>
		<Mode name="develop">
			<Script filename="${root}/scripts/source/top/interfaces/IAcceptable.js"/>
			<Script filename="${root}/scripts/source/top/interfaces/IActionListener.js"/>
			<Script filename="${root}/scripts/source/top/interfaces/IActivatable.js"/>
			<Script filename="${root}/scripts/source/top/interfaces/IActivationAware.js"/>
			<Script filename="${root}/scripts/source/top/interfaces/IBroadcastListener.js"/>
			<Script filename="${root}/scripts/source/top/interfaces/ICrawlerHandler.js"/>
			<Script filename="${root}/scripts/source/top/interfaces/IData.js"/>
			<Script filename="${root}/scripts/source/top/interfaces/IDialogResponseHandler.js"/>
			<Script filename="${root}/scripts/source/top/interfaces/IDOMHandler.js"/>
			<Script filename="${root}/scripts/source/top/interfaces/IDraggable.js"/>
			<Script filename="${root}/scripts/source/top/interfaces/IDragHandler.js"/>
			<Script filename="${root}/scripts/source/top/interfaces/IEditorControlBinding.js"/>
			<Script filename="${root}/scripts/source/top/interfaces/IEventListener.js"/>
			<Script filename="${root}/scripts/source/top/interfaces/IFit.js"/>
			<Script filename="${root}/scripts/source/top/interfaces/IFlexible.js"/>
			<Script filename="${root}/scripts/source/top/interfaces/IFocusable.js"/>
			<Script filename="${root}/scripts/source/top/interfaces/IImageProfile.js"/>
			<Script filename="${root}/scripts/source/top/interfaces/IKeyEventHandler.js"/>
			<Script filename="${root}/scripts/source/top/interfaces/ILabel.js"/>
			<Script filename="${root}/scripts/source/top/interfaces/ILoadHandler.js"/>
			<Script filename="${root}/scripts/source/top/interfaces/IMenuContainer.js"/>
			<Script filename="${root}/scripts/source/top/interfaces/IResizeHandler.js"/>
			<Script filename="${root}/scripts/source/top/interfaces/ISourceEditorComponent.js"/>
			<Script filename="${root}/scripts/source/top/interfaces/IUpdateHandler.js"/>
			<Script filename="${root}/scripts/source/top/interfaces/IWysiwygEditorComponent.js"/>
			<Script filename="${root}/scripts/source/top/interfaces/IWysiwygEditorContentChangeHandler.js"/>
			<Script filename="${root}/scripts/source/top/interfaces/IWysiwygEditorNodeChangeHandler.js"/>
			<Script filename="${root}/scripts/source/top/util/List.js"/>
			<Script filename="${root}/scripts/source/top/util/Map.js"/>
			<Script filename="${root}/scripts/source/top/util/SystemNodeList.js"/>
			<Script filename="${root}/scripts/source/top/core/BroadcastMessages.js"/>
			<Script filename="${root}/scripts/source/top/core/EventBroadcaster.js"/>
			<Script filename="${root}/scripts/source/top/core/Constants.js"/>
			<Script filename="${root}/scripts/source/top/core/Client.js"/>
			<Script filename="${root}/scripts/source/top/dev/SystemLogger.js"/>
			<Script filename="${root}/scripts/source/top/dev/SystemTimer.js"/>
			<Script filename="${root}/scripts/source/top/dev/SystemDebug.js"/>
			<Script filename="${root}/scripts/source/top/core/Interfaces.js"/>
			<Script filename="${root}/scripts/source/top/core/Types.js"/>
			<Script filename="${root}/scripts/source/top/core/MimeTypes.js"/>
			<Script filename="${root}/scripts/source/top/core/SearchTokens.js"/>
			<Script filename="${root}/scripts/source/top/core/StringBundle.js"/>
			<Script filename="${root}/scripts/source/top/core/KeyMaster.js"/>
			<Script filename="${root}/scripts/source/top/core/ImageProvider.js"/>
			<Script filename="${root}/scripts/source/top/core/Resolver.js"/>
			<Script filename="${root}/scripts/source/top/core/Download.js"/>
			<Script filename="${root}/scripts/source/top/core/Cookies.js"/>
			<Script filename="${root}/scripts/source/top/core/StatusBar.js"/>
			<Script filename="${root}/scripts/source/top/core/Localization.js"/>
			<Script filename="${root}/scripts/source/top/core/Validator.js"/>
			<Script filename="${root}/scripts/source/top/dom/DOMEvents.js"/>
			<Script filename="${root}/scripts/source/top/dom/DOMSerializer.js"/>
			<Script filename="${root}/scripts/source/top/dom/DOMFormatter.js"/>
			<Script filename="${root}/scripts/source/top/dom/DOMUtil.js"/>
			<Script filename="${root}/scripts/source/top/dom/XMLParser.js"/>
			<Script filename="${root}/scripts/source/top/dom/XPathResolver.js"/>
			<Script filename="${root}/scripts/source/top/dom/XSLTransformer.js"/>
			<Script filename="${root}/scripts/source/top/css/CSSUtil.js"/>
			<Script filename="${root}/scripts/source/top/css/CSSComputer.js"/>
			<Script filename="${root}/scripts/source/top/system/System.js"/>
			<Script filename="${root}/scripts/source/top/system/SystemNode.js"/>
			<Script filename="${root}/scripts/source/top/system/SystemAction.js"/>
			<Script filename="${root}/scripts/source/page/updates/UpdateManager.js"/>
			<Script filename="${root}/scripts/source/page/updates/UpdateAssistant.js"/>
			<Script filename="${root}/scripts/source/page/updates/UpdatePlugin.js"/>
			<Script filename="${root}/scripts/source/page/updates/Update.js"/>
			<Script filename="${root}/scripts/source/page/updates/ReplaceUpdate.js"/>
			<Script filename="${root}/scripts/source/page/updates/SiblingUpdate.js"/>
			<Script filename="${root}/scripts/source/page/updates/AttributesUpdate.js"/>
			<Script filename="${root}/scripts/source/page/window/WindowManager.js"/>
			<Script filename="${root}/scripts/source/page/window/WindowAssistant.js"/>
			<Script filename="${root}/scripts/source/top/core/Application.js"/>
			<Script filename="${root}/scripts/source/top/core/Installation.js"/>
			<Script filename="${root}/scripts/source/top/core/Keyboard.js"/>
			<Script filename="${root}/scripts/source/top/core/Preferences.js"/>
			<Script filename="${root}/scripts/source/top/core/Persistance.js"/>
			<Script filename="${root}/scripts/source/top/core/LocalStore.js"/>
			<Script filename="${root}/scripts/source/top/core/StandardEventHandler.js"/>
			<Script filename="${root}/scripts/source/top/ui/utilities/Action.js"/>
			<Script filename="${root}/scripts/source/top/ui/utilities/Animation.js"/>
			<Script filename="${root}/scripts/source/top/ui/utilities/Point.js"/>
			<Script filename="${root}/scripts/source/top/ui/utilities/Dimension.js"/>
			<Script filename="${root}/scripts/source/top/ui/utilities/Geometry.js"/>
			<Script filename="${root}/scripts/source/top/ui/utilities/BindingAcceptor.js"/>
			<Script filename="${root}/scripts/source/top/ui/utilities/BindingBoxObject.js"/>
			<Script filename="${root}/scripts/source/top/ui/utilities/BindingDragger.js"/>
			<Script filename="${root}/scripts/source/top/ui/utilities/BindingParser.js"/>
			<Script filename="${root}/scripts/source/top/ui/utilities/BindingSerializer.js"/>
			<Script filename="${root}/scripts/source/top/ui/utilities/ImageProfile.js"/>
			<Script filename="${root}/scripts/source/top/ui/utilities/BindingFinder.js"/>
			<Script filename="${root}/scripts/source/top/ui/utilities/crawlers/NodeCrawler.js"/>
			<Script filename="${root}/scripts/source/top/ui/utilities/crawlers/ElementCrawler.js"/>
			<Script filename="${root}/scripts/source/top/ui/utilities/crawlers/BindingCrawler.js"/>
			<Script filename="${root}/scripts/source/top/ui/utilities/crawlers/Crawler.js"/>
			<Script filename="${root}/scripts/source/top/ui/bindings/flexboxes/FlexBoxCrawler.js"/>
			<Script filename="${root}/scripts/source/top/ui/bindings/focus/FocusCrawler.js"/>
			<Script filename="${root}/scripts/source/top/ui/bindings/stage/dialogs/FitnessCrawler.js"/>
			<Script filename="${root}/scripts/source/page/document/DocumentUpdatePlugin.js"/>
			<Script filename="${root}/scripts/source/page/document/DocumentCrawler.js"/>
			<Script filename="${root}/scripts/source/page/document/DocumentManager.js"/>
			<Script filename="${root}/scripts/source/page/data/DataManager.js"/>
			<Script filename="${root}/scripts/source/top/core/Templates.js"/>
			<Script filename="${root}/scripts/source/top/core/DialogButton.js"/>
			<Script filename="${root}/scripts/source/top/core/Dialog.js"/>
			<Script filename="${root}/scripts/source/top/core/Commands.js"/>
			<Script filename="${root}/scripts/source/top/core/Prism.js"/>
			<Script filename="${root}/scripts/source/top/core/Uri.js"/>
			<Script filename="${root}/scripts/source/top/ui/viewdefinitions/ViewDefinition.js"/>
			<Script filename="${root}/scripts/source/top/ui/viewdefinitions/SystemViewDefinition.js"/>
			<Script filename="${root}/scripts/source/top/ui/viewdefinitions/HostedViewDefinition.js"/>
			<Script filename="${root}/scripts/source/top/ui/viewdefinitions/DialogViewDefinition.js"/>
			<Script filename="${root}/scripts/source/top/ui/bindings/Binding.js"/>
			<Script filename="${root}/scripts/source/top/ui/bindings/data/DataBinding.js"/>
			<Script filename="${root}/scripts/source/top/ui/bindings/roots/RootBinding.js"/>
			<Script filename="${root}/scripts/source/top/ui/bindings/matrixes/MatrixBinding.js"/>
			<Script filename="${root}/scripts/source/top/ui/bindings/flexboxes/FlexBoxBinding.js"/>
			<Script filename="${root}/scripts/source/top/ui/bindings/flexboxes/ScrollBoxBinding.js"/>
			<Script filename="${root}/scripts/source/top/ui/bindings/labels/LabelBinding.js"/>
			<Script filename="${root}/scripts/source/top/ui/bindings/labels/TextBinding.js"/>
			<Script filename="${root}/scripts/source/top/ui/bindings/broadcasters/BroadcasterSetBinding.js"/>
			<Script filename="${root}/scripts/source/top/ui/bindings/broadcasters/BroadcasterBinding.js"/>
			<Script filename="${root}/scripts/source/top/ui/bindings/buttons/ButtonBinding.js"/>
			<Script filename="${root}/scripts/source/top/ui/bindings/buttons/ButtonStateManager.js"/>
			<Script filename="${root}/scripts/source/top/ui/bindings/buttons/clickbutton/ClickButtonBinding.js"/>
			<Script filename="${root}/scripts/source/top/ui/bindings/buttons/radiobutton/RadioButtonBinding.js"/>
			<Script filename="${root}/scripts/source/top/ui/bindings/buttons/checkbutton/CheckButtonBinding.js"/>
			<Script filename="${root}/scripts/source/top/ui/bindings/buttons/checkbutton/CheckButtonImageProfile.js"/>
			<Script filename="${root}/scripts/source/top/ui/bindings/buttons/viewbutton/ViewButtonBinding.js"/>
			<Script filename="${root}/scripts/source/top/ui/bindings/controls/ControlGroupBinding.js"/>
			<Script filename="${root}/scripts/source/top/ui/bindings/controls/ControlBinding.js"/>
			<Script filename="${root}/scripts/source/top/ui/bindings/controls/ControlImageProfile.js"/>
			<Script filename="${root}/scripts/source/top/ui/bindings/controls/ControlBoxBinding.js"/>
			<Script filename="${root}/scripts/source/top/ui/bindings/menus/MenuContainerBinding.js"/>
			<Script filename="${root}/scripts/source/top/ui/bindings/menus/MenuBarBinding.js"/>
			<Script filename="${root}/scripts/source/top/ui/bindings/menus/MenuBinding.js"/>
			<Script filename="${root}/scripts/source/top/ui/bindings/menus/MenuBodyBinding.js"/>
			<Script filename="${root}/scripts/source/top/ui/bindings/menus/MenuGroupBinding.js"/>
			<Script filename="${root}/scripts/source/top/ui/bindings/menus/MenuItemBinding.js"/>
			<Script filename="${root}/scripts/source/top/ui/bindings/popups/PopupSetBinding.js"/>
			<Script filename="${root}/scripts/source/top/ui/bindings/popups/PopupBinding.js"/>
			<Script filename="${root}/scripts/source/top/ui/bindings/popups/PopupBodyBinding.js"/>
			<Script filename="${root}/scripts/source/top/ui/bindings/menus/MenuPopupBinding.js"/>
			<Script filename="${root}/scripts/source/top/ui/bindings/dialogs/DialogBinding.js"/>
			<Script filename="${root}/scripts/source/top/ui/bindings/dialogs/DialogHeadBinding.js"/>
			<Script filename="${root}/scripts/source/top/ui/bindings/dialogs/DialogBodyBinding.js"/>
			<Script filename="${root}/scripts/source/top/ui/bindings/dialogs/DialogMatrixBinding.js"/>
			<Script filename="${root}/scripts/source/top/ui/bindings/dialogs/DialogSetBinding.js"/>
			<Script filename="${root}/scripts/source/top/ui/bindings/dialogs/DialogBorderBinding.js"/>
			<Script filename="${root}/scripts/source/top/ui/bindings/dialogs/DialogCoverBinding.js"/>
			<Script filename="${root}/scripts/source/top/ui/bindings/dialogs/DialogTitleBarBinding.js"/>
			<Script filename="${root}/scripts/source/top/ui/bindings/dialogs/DialogTitleBarBodyBinding.js"/>
			<Script filename="${root}/scripts/source/top/ui/bindings/dialogs/DialogControlBinding.js"/>
			<Script filename="${root}/scripts/source/top/ui/bindings/dialogs/DialogControlImageProfile.js"/>
			<Script filename="${root}/scripts/source/top/ui/bindings/dialogs/DialogTitleBarPopupBinding.js"/>
			<Script filename="${root}/scripts/source/top/ui/bindings/windows/WindowBindingHighlightNodeCrawler.js"/>
			<Script filename="${root}/scripts/source/top/ui/bindings/windows/WindowBinding.js"/>
			<Script filename="${root}/scripts/source/top/ui/bindings/windows/PreviewWindowBinding.js"/>
			<Script filename="${root}/scripts/source/top/ui/bindings/buttons/radiobutton/RadioGroupBinding.js"/>
			<Script filename="${root}/scripts/source/top/ui/bindings/data/DataBindingMap.js"/>
			<Script filename="${root}/scripts/source/top/ui/bindings/data/keyboard/DataInputBinding.js"/>
			<Script filename="${root}/scripts/source/top/ui/bindings/data/keyboard/TextBoxBinding.js"/>
			<Script filename="${root}/scripts/source/top/ui/bindings/data/keyboard/EditorTextBoxBinding.js"/>
			<Script filename="${root}/scripts/source/top/ui/bindings/data/keyboard/IEEditorTextBoxBinding.js"/>
			<Script filename="${root}/scripts/source/top/ui/bindings/data/keyboard/MozEditorTextBoxBinding.js"/>
			<Script filename="${root}/scripts/source/top/ui/bindings/data/selectors/SelectorBinding.js"/>
			<Script filename="${root}/scripts/source/top/ui/bindings/data/selectors/SimpleSelectorBinding.js"/>
			<Script filename="${root}/scripts/source/top/ui/bindings/data/selectors/SelectorBindingSelection.js"/>
			<Script filename="${root}/scripts/source/top/ui/bindings/data/selectors/DataInputSelectorBinding.js"/>
			<Script filename="${root}/scripts/source/top/ui/bindings/data/dialogs/DataInputDialogBinding.js"/>
			<Script filename="${root}/scripts/source/top/ui/bindings/data/dialogs/UrlInputDialogBinding.js"/>
			<Script filename="${root}/scripts/source/top/ui/bindings/data/dialogs/DataInputButtonBinding.js"/>
			<Script filename="${root}/scripts/source/top/ui/bindings/data/dialogs/DataDialogBinding.js"/>
			<Script filename="${root}/scripts/source/top/ui/bindings/data/dialogs/PostBackDataDialogBinding.js"/>
			<Script filename="${root}/scripts/source/top/ui/bindings/data/dialogs/ViewDefinitionPostBackDataDialogBinding.js"/>
			<Script filename="${root}/scripts/source/top/ui/bindings/data/dialogs/NullPostBackDataDialogBinding.js"/>
			<Script filename="${root}/scripts/source/top/ui/bindings/data/dialogs/NullPostBackDataDialogSelectorBinding.js"/>
			<Script filename="${root}/scripts/source/top/ui/bindings/data/selectors/MultiSelectorBinding.js"/>
			<Script filename="${root}/scripts/source/top/ui/bindings/data/dialogs/HTMLDataDialogBinding.js"/>
			<Script filename="${root}/scripts/source/top/ui/bindings/data/dialogs/MultiSelectorDataDialogBinding.js"/>
			<Script filename="${root}/scripts/source/top/ui/bindings/data/lazy/LazyBindingSetBinding.js"/>
			<Script filename="${root}/scripts/source/top/ui/bindings/data/lazy/LazyBindingBinding.js"/>
			<Script filename="${root}/scripts/source/top/ui/bindings/data/editors/EditorDataBinding.js"/>
			<Script filename="${root}/scripts/source/top/ui/bindings/data/editors/FunctionEditorDataBinding.js"/>
			<Script filename="${root}/scripts/source/top/ui/bindings/data/editors/ParameterEditorDataBinding.js"/>
			<Script filename="${root}/scripts/source/top/ui/bindings/data/misc/FilePickerBinding.js"/>
			<Script filename="${root}/scripts/source/top/ui/bindings/request/RequestBinding.js"/>
			<Script filename="${root}/scripts/source/top/ui/bindings/fields/FieldGroupBinding.js"/>
			<Script filename="${root}/scripts/source/top/ui/bindings/fields/FieldBinding.js"/>
			<Script filename="${root}/scripts/source/top/ui/bindings/fields/FieldsBinding.js"/>
			<Script filename="${root}/scripts/source/top/ui/bindings/fields/FieldDescBinding.js"/>
			<Script filename="${root}/scripts/source/top/ui/bindings/fields/FieldDataBinding.js"/>
			<Script filename="${root}/scripts/source/top/ui/bindings/fields/FieldHelpBinding.js"/>
			<Script filename="${root}/scripts/source/top/ui/bindings/data/radiocheck/RadioDataGroupBinding.js"/>
			<Script filename="${root}/scripts/source/top/ui/bindings/data/radiocheck/RadioDataBinding.js"/>
			<Script filename="${root}/scripts/source/top/ui/bindings/data/radiocheck/CheckBoxBinding.js"/>
			<Script filename="${root}/scripts/source/top/ui/bindings/data/radiocheck/CheckBoxGroupBinding.js"/>
			<Script filename="${root}/scripts/source/top/ui/bindings/balloons/BalloonSetBinding.js"/>
			<Script filename="${root}/scripts/source/top/ui/bindings/balloons/BalloonBinding.js"/>
			<Script filename="${root}/scripts/source/top/ui/bindings/errors/ErrorBinding.js"/>
			<Script filename="${root}/scripts/source/top/ui/bindings/focus/FocusBinding.js"/>
			<Script filename="${root}/scripts/source/top/ui/bindings/tabboxes/TabsButtonBinding.js"/>
			<Script filename="${root}/scripts/source/top/ui/bindings/tabboxes/TabBoxBinding.js"/>
			<Script filename="${root}/scripts/source/top/ui/bindings/tabboxes/TabsBinding.js"/>
			<Script filename="${root}/scripts/source/top/ui/bindings/tabboxes/TabBinding.js"/>
			<Script filename="${root}/scripts/source/top/ui/bindings/tabboxes/TabPanelsBinding.js"/>
			<Script filename="${root}/scripts/source/top/ui/bindings/tabboxes/TabPanelBinding.js"/>
			<Script filename="${root}/scripts/source/top/ui/bindings/splitboxes/SplitBoxBinding.js"/>
			<Script filename="${root}/scripts/source/top/ui/bindings/splitboxes/SplitPanelBinding.js"/>
			<Script filename="${root}/scripts/source/top/ui/bindings/splitboxes/SplitterBinding.js"/>
			<Script filename="${root}/scripts/source/top/ui/bindings/decks/DecksBinding.js"/>
			<Script filename="${root}/scripts/source/top/ui/bindings/decks/DeckBinding.js"/>
			<Script filename="${root}/scripts/source/top/ui/bindings/toolbars/ToolBarBinding.js"/>
			<Script filename="${root}/scripts/source/top/ui/bindings/toolbars/ToolBarBodyBinding.js"/>
			<Script filename="${root}/scripts/source/top/ui/bindings/toolbars/ToolBarGroupBinding.js"/>
			<Script filename="${root}/scripts/source/top/ui/bindings/toolbars/ToolBarButtonBinding.js"/>
			<Script filename="${root}/scripts/source/top/ui/bindings/toolbars/ToolBarLabelBinding.js"/>
			<Script filename="${root}/scripts/source/top/ui/bindings/toolbars/DialogToolBarBinding.js"/>
			<Script filename="${root}/scripts/source/top/ui/bindings/buttons/combobutton/ComboBoxBinding.js"/>
			<Script filename="${root}/scripts/source/top/ui/bindings/buttons/combobutton/ToolBarComboButtonBinding.js"/>
			<Script filename="${root}/scripts/source/top/ui/bindings/buttons/toolboxbutton/ToolBoxToolBarButtonBinding.js"/>
			<Script filename="${root}/scripts/source/top/ui/bindings/trees/TreeBinding.js"/>
			<Script filename="${root}/scripts/source/top/ui/bindings/trees/TreeBodyBinding.js"/>
			<Script filename="${root}/scripts/source/top/ui/bindings/trees/TreeNodeBinding.js"/>
			<Script filename="${root}/scripts/source/top/ui/bindings/trees/TreeContentBinding.js"/>
			<Script filename="${root}/scripts/source/top/ui/bindings/trees/TreePositionIndicatorBinding.js"/>
			<Script filename="${root}/scripts/source/top/ui/bindings/trees/TreeCrawler.js"/>
			<Script filename="${root}/scripts/source/top/ui/bindings/docks/DockControlImageProfile.js"/>
			<Script filename="${root}/scripts/source/top/ui/bindings/docks/DockTabsButtonBinding.js"/>
			<Script filename="${root}/scripts/source/top/ui/bindings/docks/DockBinding.js"/>
			<Script filename="${root}/scripts/source/top/ui/bindings/docks/DockTabsBinding.js"/>
			<Script filename="${root}/scripts/source/top/ui/bindings/docks/DockTabBinding.js"/>
			<Script filename="${root}/scripts/source/top/ui/bindings/docks/DockPanelsBinding.js"/>
			<Script filename="${root}/scripts/source/top/ui/bindings/docks/DockPanelBinding.js"/>
			<Script filename="${root}/scripts/source/top/ui/bindings/docks/DockControlBinding.js"/>
			<Script filename="${root}/scripts/source/top/ui/bindings/docks/DockTabPopupBinding.js"/>
			<Script filename="${root}/scripts/source/top/ui/bindings/views/ViewSetBinding.js"/>
			<Script filename="${root}/scripts/source/top/ui/bindings/views/ViewBinding.js"/>
			<Script filename="${root}/scripts/source/top/ui/bindings/pages/PageBinding.js"/>
			<Script filename="${root}/scripts/source/top/ui/bindings/pages/DialogPageBinding.js"/>
			<Script filename="${root}/scripts/source/top/ui/bindings/pages/DialogPageBodyBinding.js"/>
			<Script filename="${root}/scripts/source/top/ui/bindings/pages/EditorPageBinding.js"/>
			<Script filename="${root}/scripts/source/top/ui/bindings/pages/WizardPageBinding.js"/>
			<Script filename="${root}/scripts/source/top/ui/bindings/pages/MarkupAwarePageBinding.js"/>
			<Script filename="${root}/scripts/source/top/ui/bindings/system/SystemToolBarBinding.js"/>
			<Script filename="${root}/scripts/source/top/ui/bindings/system/SystemTreeBinding.js"/>
			<Script filename="${root}/scripts/source/top/ui/bindings/system/SystemTreePopupBinding.js"/>
			<Script filename="${root}/scripts/source/top/ui/bindings/system/SystemTreeNodeBinding.js"/>
			<Script filename="${root}/scripts/source/top/ui/bindings/system/SystemPageBinding.js"/>
			<Script filename="${root}/scripts/source/top/ui/bindings/stage/StageContainerBinding.js"/>
			<Script filename="${root}/scripts/source/top/ui/bindings/stage/StageBinding.js"/>
			<Script filename="${root}/scripts/source/top/ui/bindings/stage/StageCrawler.js"/>
			<Script filename="${root}/scripts/source/top/ui/bindings/stage/dialogs/StageDialogSetBinding.js"/>
			<Script filename="${root}/scripts/source/top/ui/bindings/stage/dialogs/StageDialogBinding.js"/>
			<Script filename="${root}/scripts/source/top/ui/bindings/stage/dialogs/FitnessCrawler.js"/>
			<Script filename="${root}/scripts/source/top/ui/bindings/stage/decks/StageDecksBinding.js"/>
			<Script filename="${root}/scripts/source/top/ui/bindings/stage/decks/StageDeckBinding.js"/>
			<Script filename="${root}/scripts/source/top/ui/bindings/stage/decks/StageDeckRootBinding.js"/>
			<Script filename="${root}/scripts/source/top/ui/bindings/stage/splitboxes/StageSplitBoxBinding.js"/>
			<Script filename="${root}/scripts/source/top/ui/bindings/stage/splitboxes/StageSplitPanelBinding.js"/>
			<Script filename="${root}/scripts/source/top/ui/bindings/stage/splitboxes/StageSplitterBinding.js"/>
			<Script filename="${root}/scripts/source/top/ui/bindings/stage/splitboxes/StageSplitterBodyBinding.js"/>
			<Script filename="${root}/scripts/source/top/ui/bindings/stage/abstractions/StageBoxAbstraction.js"/>
			<Script filename="${root}/scripts/source/top/ui/bindings/stage/abstractions/StageBoxHandlerAbstraction.js"/>
			<Script filename="${root}/scripts/source/top/ui/bindings/stage/menus/StageMenuBarBinding.js"/>
			<Script filename="${root}/scripts/source/top/ui/bindings/stage/menus/StageViewMenuItemBinding.js"/>
			<Script filename="${root}/scripts/source/top/ui/bindings/stage/statusbar/StageStatusBarBinding.js"/>
			<Script filename="${root}/scripts/source/top/ui/bindings/explorer/ExplorerBinding.js"/>
			<Script filename="${root}/scripts/source/top/ui/bindings/explorer/ExplorerDecksBinding.js"/>
			<Script filename="${root}/scripts/source/top/ui/bindings/explorer/ExplorerDeckBinding.js"/>
			<Script filename="${root}/scripts/source/top/ui/bindings/explorer/ExplorerSplitterBinding.js"/>
			<Script filename="${root}/scripts/source/top/ui/bindings/explorer/ExplorerMenuBinding.js"/>
			<Script filename="${root}/scripts/source/top/ui/bindings/explorer/ExplorerToolBarBinding.js"/>
			<Script filename="${root}/scripts/source/top/ui/bindings/explorer/ExplorerToolBarButtonBinding.js"/>
			<Script filename="${root}/scripts/source/top/ui/bindings/editors/EditorBinding.js"/>
			<Script filename="${root}/scripts/source/top/ui/bindings/editors/EditorPopupBinding.js"/>
			<Script filename="${root}/scripts/source/top/ui/bindings/editors/EditorClickButtonBinding.js"/>
			<Script filename="${root}/scripts/source/top/ui/bindings/editors/EditorToolBarButtonBinding.js"/>
			<Script filename="${root}/scripts/source/top/ui/bindings/editors/EditorSelectorBinding.js"/>
			<Script filename="${root}/scripts/source/top/ui/bindings/editors/EditorMenuItemBinding.js"/>
			<Script filename="${root}/scripts/source/top/ui/bindings/editors/visualeditor/VisualEditorBinding.js"/>
			<Script filename="${root}/scripts/source/top/ui/bindings/editors/visualeditor/VisualEditorPopupBinding.js"/>
			<Script filename="${root}/scripts/source/top/ui/bindings/editors/visualeditor/VisualEditorFormattingConfiguration.js"/>
			<Script filename="${root}/scripts/source/top/ui/bindings/editors/visualeditor/VisualEditorFieldGroupConfiguration.js"/>
			<Script filename="${root}/scripts/source/top/ui/bindings/editors/visualeditor/multieditor/VisualMultiEditorBinding.js"/>
			<Script filename="${root}/scripts/source/top/ui/bindings/editors/visualeditor/multieditor/VisualMultiTemplateEditorBinding.js"/>
			<Script filename="${root}/scripts/source/top/ui/bindings/editors/CodeMirrorEditor/CodeMirrorEditorPopupBinding.js"/>
			<Script filename="${root}/scripts/source/top/ui/bindings/editors/CodeMirrorEditor/CodeMirrorEditorBinding.js"/>
			<Script filename="${root}/scripts/source/top/ui/bindings/throbber/ThrobberBinding.js"/>
			<Script filename="${root}/scripts/source/top/ui/bindings/progressbar/ProgressBarBinding.js"/>
			<Script filename="${root}/scripts/source/top/ui/bindings/start/StartMenuItemBinding.js"/>
			<Script filename="${root}/scripts/source/top/ui/bindings/keys/KeySetBinding.js"/>
			<Script filename="${root}/scripts/source/top/ui/bindings/cursors/CursorBinding.js"/>
			<Script filename="${root}/scripts/source/top/ui/bindings/cover/CoverBinding.js"/>
			<Script filename="${root}/scripts/source/top/ui/bindings/cover/UncoverBinding.js"/>
			<Script filename="${root}/scripts/source/top/ui/bindings/theatre/TheatreBinding.js"/>
			<Script filename="${root}/scripts/source/top/ui/bindings/viewers/SourceCodeViewerBinding.js"/>
			<Script filename="${root}/scripts/source/top/ui/bindings/persistance/PersistanceBinding.js"/>
			<Script filename="${root}/scripts/source/top/ui/bindings/localization/LocalizationSelectorBinding.js"/>
			<Script filename="${root}/scripts/source/top/ui/bindings/response/ResponseBinding.js"/>
			<Script filename="${root}/scripts/source/top/ui/UserInterfaceMapping.js"/>
			<Script filename="${root}/scripts/source/top/ui/UserInterface.js"/>
			<Script filename="${root}/scripts/source/top/soap/SOAPMessage.js"/>
			<Script filename="${root}/scripts/source/top/soap/SOAPRequest.js"/>
			<Script filename="${root}/scripts/source/top/soap/SOAPRequestResponse.js"/>
			<Script filename="${root}/scripts/source/top/soap/SOAPFault.js"/>
			<Script filename="${root}/scripts/source/top/soap/SOAPEncoder.js"/>
			<Script filename="${root}/scripts/source/top/soap/SOAPDecoder.js"/>
			<Script filename="${root}/scripts/source/top/schema/Schema.js"/>
			<Script filename="${root}/scripts/source/top/schema/SchemaDefinition.js"/>
			<Script filename="${root}/scripts/source/top/schema/SchemaType.js"/>
			<Script filename="${root}/scripts/source/top/schema/SchemaElementType.js"/>
			<Script filename="${root}/scripts/source/top/schema/SchemaComplexType.js"/>
			<Script filename="${root}/scripts/source/top/schema/SchemaSimpleType.js"/>
			<Script filename="${root}/scripts/source/top/services/WebServiceResolver.js"/>
			<Script filename="${root}/scripts/source/top/services/WebServiceOperation.js"/>
			<Script filename="${root}/scripts/source/top/services/WebServiceProxy.js"/>
			<Script filename="${root}/scripts/source/top/proxies/ConfigurationService.js"/>
			<Script filename="${root}/scripts/source/top/proxies/ConsoleMessageQueueService.js"/>
			<Script filename="${root}/scripts/source/top/proxies/EditorConfigurationService.js"/>
			<Script filename="${root}/scripts/source/top/proxies/FlowControllerService.js"/>
			<Script filename="${root}/scripts/source/top/proxies/InstallationService.js"/>
			<Script filename="${root}/scripts/source/top/proxies/LocalizationService.js"/>
			<Script filename="${root}/scripts/source/top/proxies/LoginService.js"/>
			<Script filename="${root}/scripts/source/top/proxies/MarkupFormatService.js"/>
			<Script filename="${root}/scripts/source/top/proxies/PageService.js"/>
			<Script filename="${root}/scripts/source/top/proxies/ReadyService.js"/>
			<Script filename="${root}/scripts/source/top/proxies/SecurityService.js"/>
			<Script filename="${root}/scripts/source/top/proxies/SEOService.js"/>
			<Script filename="${root}/scripts/source/top/proxies/SourceValidationService.js"/>
			<Script filename="${root}/scripts/source/top/proxies/StringService.js"/>
			<Script filename="${root}/scripts/source/top/proxies/TreeService.js"/>
			<Script filename="${root}/scripts/source/top/proxies/XhtmlTransformationsService.js"/>
			<Script filename="${root}/scripts/source/top/core/MessageQueue.js"/>
			<Script filename="${root}/scripts/source/top/core/ViewDefinitions.js"/>
			<Script filename="${root}/scripts/source/top/core/KickStart.js"/>
		</Mode>
	</Type>
</Scripts>
